{"cameraMode":{"drawMode":0,"name":"Shaded","section":"Shading Mode"},"sceneLighting":true,"audioPlay":false,"sceneViewState":{"m_AlwaysRefresh":false,"showFog":true,"showSkybox":true,"showFlares":true,"showImageEffects":true,"showParticleSystems":true,"showVisualEffectGraphs":true,"m_FxEnabled":true},"in2DMode":false,"pivot":{"x":0.937549352645874,"y":-8.534688949584961,"z":11.81096076965332},"rotation":{"x":-0.32718247175216677,"y":0.0016850472893565894,"z":-0.000582646403927356,"w":-0.9449920654296875},"size":12.886608123779297,"orthographic":false}