{"cameraMode":{"drawMode":0,"name":"Shaded","section":"Shading Mode"},"sceneLighting":true,"audioPlay":false,"sceneViewState":{"m_AlwaysRefresh":false,"showFog":true,"showSkybox":true,"showFlares":true,"showImageEffects":true,"showParticleSystems":true,"showVisualEffectGraphs":true,"m_FxEnabled":true},"in2DMode":false,"pivot":{"x":748.5706176757813,"y":354.1595764160156,"z":171.03309631347657},"rotation":{"x":0.008711697533726693,"y":0.003306772094219923,"z":0.00012234618770889938,"w":1.0000485181808472},"size":397.38189697265627,"orthographic":false}